discount_band,line_count,orders,customers,total_sales,total_profit,profit_margin,quantity,average_discount,discounted_sales_share,loss_line_count,loss_line_rate,average_order_value,profit_per_order,shipping_days_avg
0%,836,739,476,256025.27,58133.076400000005,0.22705991639028447,3224,0.0,0.0,0,0.0,346.44826792963465,78.6645147496617,4.04066985645933
1-10%,76,71,68,46634.247,7111.011899999999,0.15248475867960296,313,0.09999999999999998,1.0,4,0.05263157894736842,656.8203802816902,100.15509718309858,4.092105263157895
11-20%,667,585,420,244189.5375,7684.9406,0.03147121157883351,2434,0.19610194902548722,1.0,183,0.27436281859070466,417.41801282051284,13.136650598290599,3.787106446776612
21-30%,222,207,181,99470.35,-10695.3169,-0.10752266278343243,837,0.2999999999999998,1.0,207,0.9324324324324325,480.5330917874396,-51.66819758454106,3.7162162162162162
>30%,320,296,253,95680.3908,-43782.4392,-0.45759051393841094,1220,0.51215625,1.0,320,1.0,323.24456351351347,-147.91364594594594,3.9625
