region,line_count,orders,customers,total_sales,total_profit,profit_margin,quantity,average_discount,discounted_sales_share,loss_line_count,loss_line_rate,average_order_value,profit_per_order,shipping_days_avg
West,707,595,423,252612.7435,11504.9503,0.04554382388076158,2696,0.1314002828854314,0.7493346569825762,155,0.21923620933521923,424.5592327731093,19.336050924369747,3.881188118811881
East,601,488,371,208291.204,3046.1658000000007,0.014624553228853586,2214,0.1540765391014975,0.7497482898989819,184,0.30615640599001664,426.826237704918,6.2421430327868865,3.8502495840266224
Central,481,403,318,163797.1638,-2871.0494000000003,-0.017528077613759026,1827,0.2973804573804574,0.5425479400150639,317,0.659043659043659,406.44457518610426,-7.1241920595533506,3.9792099792099793
South,332,278,239,117298.68400000001,6771.2061,0.057726189835173254,1291,0.12153614457831323,0.44032253592887705,58,0.1746987951807229,421.9377122302159,24.356856474820145,4.024096385542169
