is_repeat_customer,customers,orders,total_sales,total_profit,profit_margin,order_share
False,191,191,90892.2674,-2108.0361,-0.023192689106576295,0.1082766439909297
True,516,1573,651107.5279,20559.3089,0.03157590416180473,0.8917233560090703
