segment,line_count,orders,customers,total_sales,total_profit,profit_margin,quantity,average_discount,discounted_sales_share,loss_line_count,loss_line_rate,average_order_value,profit_per_order,shipping_days_avg
Consumer,1113,917,368,391049.31200000003,6991.078600000001,0.017877741720716798,4166,0.17673854447439352,0.6710049447676818,387,0.3477088948787062,426.44417884405675,7.623858887677209,3.8787061994609164
Corporate,646,540,211,229019.78579999998,7584.8158,0.03311860489915802,2495,0.17407120743034057,0.6302375373193629,211,0.326625386996904,424.1107144444444,14.045955185185186,3.981424148606811
Home Office,362,307,128,121930.69750000001,3875.3784000000005,0.03178345141509586,1367,0.16499999999999998,0.6498907914473302,116,0.32044198895027626,397.1683957654723,12.623382410423455,3.9198895027624308
