shipping_days,line_count,orders,customers,total_sales,total_profit,profit_margin,quantity,average_discount,discounted_sales_share,loss_line_count,loss_line_rate,average_order_value,profit_per_order,shipping_days_avg
0,116,93,87,37004.683000000005,539.3812000000001,0.014576025418188289,437,0.18232758620689654,0.7224886374516436,42,0.3620689655172414,397.89981720430114,5.799797849462367,0.0
1,77,66,62,25113.827199999996,784.1449000000001,0.03122363205557137,283,0.18792207792207793,0.6589436595311129,25,0.3246753246753247,380.5125333333333,11.880983333333335,1.0
2,310,258,222,124888.12299999999,7483.896200000001,0.05992480325771252,1192,0.1742258064516129,0.6418088531925489,102,0.32903225806451614,484.062492248062,29.007349612403104,2.0
3,186,154,139,58159.1388,-299.04899999999975,-0.005141909013274449,705,0.16844086021505375,0.6561494820483826,61,0.3279569892473118,377.65674545454544,-1.9418766233766218,3.0
4,601,499,373,212148.6543,4890.375999999999,0.02305164751638964,2310,0.17995008319467554,0.6155125269630334,220,0.36605657237936773,425.1476038076152,9.80035270541082,4.0
5,466,390,315,161316.7147,137.94559999999956,0.0008551227952821651,1700,0.17815450643776823,0.7101101390084283,159,0.34120171673819744,413.63260179487185,0.35370666666666556,5.0
6,236,195,170,80647.73180000001,4108.470499999999,0.05094341041343458,928,0.16000000000000003,0.6561907026875614,70,0.2966101694915254,413.57811179487186,21.069079487179483,6.0
7,129,109,101,42720.9225,806.1073999999999,0.018869147781160386,473,0.14728682170542637,0.6161382048807583,35,0.2713178294573643,391.93506880733946,7.395480733944953,7.0
