ship_mode,line_count,orders,customers,total_sales,total_profit,profit_margin,quantity,average_discount,discounted_sales_share,loss_line_count,loss_line_rate,average_order_value,profit_per_order,shipping_days_avg
Standard Class,1248,1040,573,435831.46900000004,10360.715600000001,0.023772298094426953,4768,0.17165064102564104,0.6546728708109878,420,0.33653846153846156,419.06872019230775,9.96222653846154,4.97676282051282
Second Class,427,354,284,156289.0244,4226.2614,0.027041319223949294,1569,0.17248243559718968,0.6079422708329352,140,0.32786885245901637,441.4944192090395,11.93859152542373,3.262295081967213
First Class,327,274,224,110730.52290000001,3066.9474,0.027697398329544053,1238,0.18003058103975533,0.6931532597323261,111,0.3394495412844037,404.1259959854015,11.193238686131387,2.143730886850153
Same Day,119,96,90,39148.779,797.3484000000001,0.02036713328913783,453,0.18613445378151258,0.7376873490741563,43,0.36134453781512604,407.79978125,8.3057125,0.025210084033613446
