sub_category,line_count,orders,customers,total_sales,total_profit,profit_margin,quantity,average_discount,discounted_sales_share,loss_line_count,loss_line_rate,average_order_value,profit_per_order,shipping_days_avg
Chairs,617,576,407,328449.103,26590.1663,0.08095673289142763,2356,0.17017828200972449,0.7227554309990002,235,0.38087520259319285,570.2241371527778,46.163483159722226,3.8995137763371153
Tables,319,307,261,206965.532,-17725.4811,-0.08564460433923848,1241,0.26128526645768024,0.6541513009035727,203,0.6363636363636364,674.1548273615635,-57.73772345276873,3.8934169278996866
Bookcases,228,224,195,114879.9963,-3472.5559999999996,-0.030227682032054518,868,0.21114035087719296,0.7220057361718422,109,0.4780701754385965,512.8571263392857,-15.502482142857142,3.81140350877193
Furnishings,957,877,528,91705.16399999999,13059.143600000001,0.14240357936658837,3563,0.13834900731452457,0.32991995957828507,167,0.17450365726227796,104.56689167616875,14.890699657924745,3.961337513061651
