order_year,line_count,orders,customers,total_sales,total_profit,profit_margin,quantity,average_discount,discounted_sales_share,loss_line_count,loss_line_rate,average_order_value,profit_per_order,shipping_days_avg,sales_growth,profit_growth
2014,421,353,290,157192.8531,5457.7255000000005,0.03471993409603684,1623,0.18209026128266032,0.6663177175960299,144,0.342042755344418,445.3055328611898,15.460978753541077,3.9524940617577196,,
2015,452,371,289,170518.23700000002,3015.202900000001,0.01768258312452527,1775,0.16878318584070798,0.6522987157086311,146,0.3230088495575221,459.6178894878707,8.127231536388143,3.982300884955752,0.0847709271586471,-0.44753489342767405
2016,562,476,355,198901.43600000002,6959.953100000001,0.03499197009316715,2193,0.17690391459074734,0.6382848638659401,189,0.33629893238434166,417.8601596638656,14.621750210084034,3.9644128113879002,0.16645257128714033,1.3082868154577585
2017,686,564,403,215387.2692,3018.3913000000002,0.01401378693927004,2437,0.1698542274052478,0.6641503916704098,235,0.3425655976676385,381.89232127659574,5.351757624113476,3.813411078717201,0.08288443528381562,-0.5663201667264108
